[
    { "keywords": ["fever"], "category": "General", "name": "Fever", "medicines": ["Paracetamol", "Ibuprofen"], "advice": "Rest, hydration" },
    { "keywords": ["cold"], "category": "Respiratory", "name": "Common Cold", "medicines": ["Cetzine", "Levocet"], "advice": "Stay warm, rest, hydrate" },
    { "keywords": ["headache"], "category": "Pain", "name": "Headache", "medicines": ["Crocin", "Ibuprofen"], "advice": "Sleep, reduce screen time" },
    { "keywords": ["cough"], "category": "Respiratory", "name": "Cough", "medicines": ["Benadryl", "Grilinctus"], "advice": "Warm water, honey" },
    { "keywords": ["diabetes"], "category": "Chronic", "name": "Diabetes", "medicines": ["Metformin", "Insulin"], "advice": "Diet control, doctor consultation" },
    { "keywords": ["vomiting"], "category": "Digestive", "name": "Vomiting", "medicines": ["Ondansetron", "Domperidone"], "advice": "Hydration, bland food" },
    { "keywords": ["loose motion", "diarrhea"], "category": "Digestive", "name": "Diarrhea", "medicines": ["ORS", "Loperamide"], "advice": "Hydration, avoid spicy food" },
    { "keywords": ["gas", "bloating"], "category": "Digestive", "name": "Gas / Bloating", "medicines": ["Simethicone", "Gelusil"], "advice": "Light meals, avoid carbonated drinks" },
    { "keywords": ["stomach pain"], "category": "Digestive", "name": "Stomach Pain", "medicines": ["Drotin", "Meftal-Spas"], "advice": "Avoid oily food, consult if persists" },
    { "keywords": ["back pain"], "category": "Pain", "name": "Back Pain", "medicines": ["Volini Spray", "Ibuprofen"], "advice": "Rest, posture correction" },
    { "keywords": ["joint pain"], "category": "Pain", "name": "Joint Pain", "medicines": ["Diclofenac", "Paracetamol"], "advice": "Warm compress, light exercise" },
    { "keywords": ["acne", "pimples"], "category": "Skin", "name": "Acne", "medicines": ["Clindamycin Gel", "Benzoyl Peroxide"], "advice": "Face wash, avoid oily foods" },
    { "keywords": ["rash"], "category": "Skin", "name": "Skin Rash", "medicines": ["Candid Cream", "Hydrocortisone"], "advice": "Avoid allergens, keep area dry" },
    { "keywords": ["hair fall"], "category": "Hair", "name": "Hair Fall", "medicines": ["Minoxidil", "Biotin"], "advice": "Healthy diet, mild shampoo" },
    { "keywords": ["sore throat"], "category": "ENT", "name": "Sore Throat", "medicines": ["Strepsils", "Warm saline gargle"], "advice": "Avoid cold drinks" },
    { "keywords": ["ear pain"], "category": "ENT", "name": "Ear Pain", "medicines": ["Ear drops", "Paracetamol"], "advice": "Avoid water entry" },
    { "keywords": ["eye pain"], "category": "ENT", "name": "Eye Pain", "medicines": ["Lubricant Drops", "Antibiotic Drops"], "advice": "Avoid screen, see doctor" },
    { "keywords": ["period pain"], "category": "Women", "name": "Menstrual Cramps", "medicines": ["Mefenamic Acid"], "advice": "Warm compress, rest" },
    { "keywords": ["pregnancy nausea"], "category": "Women", "name": "Pregnancy Nausea", "medicines": ["Doxinate"], "advice": "Small meals, hydration" },
    { "keywords": ["anxiety"], "category": "Mental Health", "name": "Anxiety", "medicines": ["Alprazolam (doctor prescribed)"], "advice": "Breathing exercises, relax" },
    { "keywords": ["depression"], "category": "Mental Health", "name": "Depression", "medicines": ["Escitalopram (prescribed)"], "advice": "Talk therapy, support" },
    { "keywords": ["hypertension"], "category": "Chronic", "name": "High BP", "medicines": ["Amlodipine", "Telmisartan"], "advice": "Low salt diet, monitor BP" },
    { "keywords": ["thyroid"], "category": "Chronic", "name": "Thyroid Disorder", "medicines": ["Thyroxine"], "advice": "Regular testing, consistency" },
    { "keywords": ["burn"], "category": "Injury", "name": "Minor Burn", "medicines": ["Silverex Cream"], "advice": "Cool water rinse, avoid popping blisters" },
    { "keywords": ["cut"], "category": "Injury", "name": "Minor Cut", "medicines": ["Betadine", "Bandage"], "advice": "Clean, cover" },
    { "keywords": ["sprain"], "category": "Injury", "name": "Sprain", "medicines": ["Relispray", "Painkiller"], "advice": "Rest, ice, compression" }
  ]
  